	contamination	data	f1_macro	fixed_cont	in_f1	in_prec	in_rec	inliers	labeled_data	n_oe	out_f1	out_prec	out_rec	outliers	seed	test_size	use_ivis
0	0.09090909090909091	train	0.43225806451612897	0.1	0.8645161290322579	0.8933333333333333	0.8375	[0]	0.5	0.0	0.0	0.0	0.0	[1]	42.0	0.2	1.0
1	0.09090909090909091	test	0.37142857142857144	0.1	0.7428571428571429	0.8666666666666667	0.65	[0]	0.5	0.0	0.0	0.0	0.0	[1]	42.0	0.2	1.0
2	0.09090909090909091	train	0.44303797468354433	0.1	0.8860759493670887	0.8974358974358975	0.875	[0]	0.5	0.0	0.0	0.0	0.0	[2]	42.0	0.2	1.0
3	0.09090909090909091	test	0.4210526315789474	0.1	0.8421052631578948	0.8888888888888888	0.8	[0]	0.5	0.0	0.0	0.0	0.0	[2]	42.0	0.2	1.0
4	0.09090909090909091	train	0.6905766526019691	0.1	0.9367088607594937	0.9487179487179487	0.925	[0]	0.5	0.0	0.4444444444444445	0.4	0.5	[3]	42.0	0.2	1.0
5	0.09090909090909091	test	0.6507936507936508	0.1	0.8571428571428571	1.0	0.75	[0]	0.5	0.0	0.4444444444444445	0.2857142857142857	1.0	[3]	42.0	0.2	1.0
6	0.09090909090909091	train	0.4358974358974359	0.1	0.8717948717948718	0.8947368421052632	0.85	[0]	0.5	0.0	0.0	0.0	0.0	[4]	42.0	0.2	1.0
7	0.09090909090909091	test	0.33333333333333337	0.1	0.6666666666666667	0.8461538461538461	0.55	[0]	0.5	0.0	0.0	0.0	0.0	[4]	42.0	0.2	1.0
8	0.09090909090909091	train	0.5049226441631505	0.1	0.8987341772151898	0.9102564102564102	0.8875	[0]	0.5	0.0	0.11111111111111112	0.1	0.125	[5]	42.0	0.2	1.0
9	0.09090909090909091	test	0.5757575757575758	0.1	0.787878787878788	1.0	0.65	[0]	0.5	0.0	0.3636363636363636	0.2222222222222222	1.0	[5]	42.0	0.2	1.0
10	0.09090909090909091	train	0.45	0.1	0.9	0.9	0.9	[0]	0.5	0.0	0.0	0.0	0.0	[6]	42.0	0.2	1.0
11	0.09090909090909091	test	0.42708333333333326	0.1	0.6874999999999999	0.9166666666666666	0.55	[0]	0.5	0.0	0.16666666666666669	0.1	0.5	[6]	42.0	0.2	1.0
12	0.09090909090909091	train	0.5767665556788754	0.1	0.9182389937106918	0.9240506329113924	0.9125	[0]	0.5	0.0	0.23529411764705882	0.2222222222222222	0.25	[7]	42.0	0.2	1.0
13	0.09090909090909091	test	0.39950372208436724	0.1	0.6451612903225806	0.9090909090909091	0.5	[0]	0.5	0.0	0.15384615384615385	0.09090909090909091	0.5	[7]	42.0	0.2	1.0
14	0.09090909090909091	train	0.4465408805031446	0.1	0.8930817610062892	0.8987341772151899	0.8875	[0]	0.5	0.0	0.0	0.0	0.0	[8]	42.0	0.2	1.0
15	0.09090909090909091	test	0.39950372208436724	0.1	0.6451612903225806	0.9090909090909091	0.5	[0]	0.5	0.0	0.15384615384615385	0.09090909090909091	0.5	[8]	42.0	0.2	1.0
16	0.09090909090909091	train	0.4465408805031446	0.1	0.8930817610062892	0.8987341772151899	0.8875	[0]	0.5	0.0	0.0	0.0	0.0	[9]	42.0	0.2	1.0
17	0.09090909090909091	test	0.33333333333333337	0.1	0.6666666666666667	0.8461538461538461	0.55	[0]	0.5	0.0	0.0	0.0	0.0	[9]	42.0	0.2	1.0
18	0.09090909090909091	train	0.4465408805031446	0.1	0.8930817610062892	0.8987341772151899	0.8875	[0]	0.5	0.0	0.0	0.0	0.0	[10]	42.0	0.2	1.0
19	0.09090909090909091	test	0.37142857142857144	0.1	0.7428571428571429	0.8666666666666667	0.65	[0]	0.5	0.0	0.0	0.0	0.0	[10]	42.0	0.2	1.0
20	0.09090909090909091	train	0.43949044585987257	0.1	0.8789808917197451	0.8961038961038961	0.8625	[0]	0.5	0.0	0.0	0.0	0.0	[11]	42.0	0.2	1.0
21	0.09090909090909091	test	0.3529411764705882	0.1	0.7058823529411764	0.8571428571428571	0.6	[0]	0.5	0.0	0.0	0.0	0.0	[11]	42.0	0.2	1.0
22	0.09090909090909091	train	0.4692982456140351	0.1	0.8552631578947368	0.9027777777777778	0.8125	[0]	0.5	0.0	0.08333333333333333	0.0625	0.125	[12]	42.0	0.2	1.0
23	0.09090909090909091	test	0.4054054054054054	0.1	0.8108108108108107	0.8823529411764706	0.75	[0]	0.5	0.0	0.0	0.0	0.0	[12]	42.0	0.2	1.0
24	0.09090909090909091	train	0.51165371809101	0.1	0.9056603773584907	0.9113924050632911	0.9	[0]	0.5	0.0	0.11764705882352941	0.1111111111111111	0.125	[13]	42.0	0.2	1.0
25	0.09090909090909091	test	0.5752895752895753	0.1	0.8648648648648648	0.9411764705882353	0.8	[0]	0.5	0.0	0.28571428571428575	0.2	0.5	[13]	42.0	0.2	1.0
26	0.09090909090909091	train	0.44303797468354433	0.1	0.8860759493670887	0.8974358974358975	0.875	[0]	0.5	0.0	0.0	0.0	0.0	[14]	42.0	0.2	1.0
27	0.09090909090909091	test	0.6140350877192983	0.1	0.8947368421052632	0.9444444444444444	0.85	[0]	0.5	0.0	0.3333333333333333	0.25	0.5	[14]	42.0	0.2	1.0
28	0.09090909090909091	train	0.51875	0.1	0.9125	0.9125	0.9125	[0]	0.5	0.0	0.125	0.125	0.125	[15]	42.0	0.2	1.0
29	0.09090909090909091	test	0.48235294117647065	0.1	0.7647058823529412	0.9285714285714286	0.65	[0]	0.5	0.0	0.2	0.125	0.5	[15]	42.0	0.2	1.0
30	0.09090909090909091	train	0.49230769230769234	0.1	0.8846153846153847	0.9078947368421053	0.8625	[1]	0.5	0.0	0.1	0.08333333333333333	0.125	[0]	42.0	0.2	1.0
31	0.09090909090909091	test	0.5416666666666667	0.1	0.8333333333333334	0.9375	0.75	[1]	0.5	0.0	0.25	0.16666666666666666	0.5	[0]	42.0	0.2	1.0
32	0.09090909090909091	train	0.4465408805031446	0.1	0.8930817610062892	0.8987341772151899	0.8875	[1]	0.5	0.0	0.0	0.0	0.0	[2]	42.0	0.2	1.0
33	0.09090909090909091	test	0.46341463414634143	0.1	0.9268292682926829	0.9047619047619048	0.95	[1]	0.5	0.0	0.0	0.0	0.0	[2]	42.0	0.2	1.0
34	0.09090909090909091	train	0.65625	0.1	0.9375	0.9375	0.9375	[1]	0.5	0.0	0.375	0.375	0.375	[3]	42.0	0.2	1.0
35	0.09090909090909091	test	0.5757575757575758	0.1	0.787878787878788	1.0	0.65	[1]	0.5	0.0	0.3636363636363636	0.2222222222222222	1.0	[3]	42.0	0.2	1.0
36	0.09090909090909091	train	0.6418793932667407	0.1	0.9308176100628932	0.9367088607594937	0.925	[1]	0.5	0.0	0.35294117647058826	0.3333333333333333	0.375	[4]	42.0	0.2	1.0
37	0.09090909090909091	test	0.5757575757575758	0.1	0.787878787878788	1.0	0.65	[1]	0.5	0.0	0.3636363636363636	0.2222222222222222	1.0	[4]	42.0	0.2	1.0
38	0.09090909090909091	train	0.7721050684424713	0.1	0.9559748427672956	0.9620253164556962	0.95	[1]	0.5	0.0	0.5882352941176471	0.5555555555555556	0.625	[5]	42.0	0.2	1.0
39	0.09090909090909091	test	0.5752895752895753	0.1	0.8648648648648648	0.9411764705882353	0.8	[1]	0.5	0.0	0.28571428571428575	0.2	0.5	[5]	42.0	0.2	1.0
40	0.09090909090909091	train	0.6051282051282051	0.1	0.9102564102564101	0.9342105263157895	0.8875	[1]	0.5	0.0	0.3	0.25	0.375	[6]	42.0	0.2	1.0
41	0.09090909090909091	test	0.6944444444444444	0.1	0.888888888888889	1.0	0.8	[1]	0.5	0.0	0.5	0.3333333333333333	1.0	[6]	42.0	0.2	1.0
42	0.09090909090909091	train	0.49849145155883334	0.1	0.8917197452229298	0.9090909090909091	0.875	[1]	0.5	0.0	0.10526315789473685	0.09090909090909091	0.125	[7]	42.0	0.2	1.0
43	0.09090909090909091	test	0.45	0.1	0.9	0.9	0.9	[1]	0.5	0.0	0.0	0.0	0.0	[7]	42.0	0.2	1.0
44	0.09090909090909091	train	0.5991718426501035	0.1	0.9316770186335404	0.9259259259259259	0.9375	[1]	0.5	0.0	0.26666666666666666	0.2857142857142857	0.25	[8]	42.0	0.2	1.0
45	0.09090909090909091	test	0.38888888888888884	0.1	0.7777777777777777	0.875	0.7	[1]	0.5	0.0	0.0	0.0	0.0	[8]	42.0	0.2	1.0
46	0.09090909090909091	train	0.43949044585987257	0.1	0.8789808917197451	0.8961038961038961	0.8625	[1]	0.5	0.0	0.0	0.0	0.0	[9]	42.0	0.2	1.0
47	0.09090909090909091	test	0.5111111111111112	0.1	0.8	0.9333333333333333	0.7	[1]	0.5	0.0	0.22222222222222224	0.14285714285714285	0.5	[9]	42.0	0.2	1.0
48	0.09090909090909091	train	0.4465408805031446	0.1	0.8930817610062892	0.8987341772151899	0.8875	[1]	0.5	0.0	0.0	0.0	0.0	[10]	42.0	0.2	1.0
49	0.09090909090909091	test	0.38888888888888884	0.1	0.7777777777777777	0.875	0.7	[1]	0.5	0.0	0.0	0.0	0.0	[10]	42.0	0.2	1.0
50	0.09090909090909091	train	0.45	0.1	0.9	0.9	0.9	[1]	0.5	0.0	0.0	0.0	0.0	[11]	42.0	0.2	1.0
51	0.09090909090909091	test	0.38888888888888884	0.1	0.7777777777777777	0.875	0.7	[1]	0.5	0.0	0.0	0.0	0.0	[11]	42.0	0.2	1.0
52	0.09090909090909091	train	0.4465408805031446	0.1	0.8930817610062892	0.8987341772151899	0.8875	[1]	0.5	0.0	0.0	0.0	0.0	[12]	42.0	0.2	1.0
53	0.09090909090909091	test	0.37142857142857144	0.1	0.7428571428571429	0.8666666666666667	0.65	[1]	0.5	0.0	0.0	0.0	0.0	[12]	42.0	0.2	1.0
54	0.09090909090909091	train	0.43225806451612897	0.1	0.8645161290322579	0.8933333333333333	0.8375	[1]	0.5	0.0	0.0	0.0	0.0	[13]	42.0	0.2	1.0
55	0.09090909090909091	test	0.3125	0.1	0.625	0.8333333333333334	0.5	[1]	0.5	0.0	0.0	0.0	0.0	[13]	42.0	0.2	1.0
56	0.09090909090909091	train	0.6615384615384616	0.1	0.9230769230769231	0.9473684210526315	0.9	[1]	0.5	0.0	0.4	0.3333333333333333	0.5	[14]	42.0	0.2	1.0
57	0.09090909090909091	test	0.5416666666666667	0.1	0.8333333333333334	0.9375	0.75	[1]	0.5	0.0	0.25	0.16666666666666666	0.5	[14]	42.0	0.2	1.0
58	0.09090909090909091	train	0.4465408805031446	0.1	0.8930817610062892	0.8987341772151899	0.8875	[1]	0.5	0.0	0.0	0.0	0.0	[15]	42.0	0.2	1.0
59	0.09090909090909091	test	0.3529411764705882	0.1	0.7058823529411764	0.8571428571428571	0.6	[1]	0.5	0.0	0.0	0.0	0.0	[15]	42.0	0.2	1.0
60	0.09090909090909091	train	0.43949044585987257	0.1	0.8789808917197451	0.8961038961038961	0.8625	[2]	0.5	0.0	0.0	0.0	0.0	[0]	42.0	0.2	1.0
61	0.09090909090909091	test	0.42708333333333326	0.1	0.6874999999999999	0.9166666666666666	0.55	[2]	0.5	0.0	0.16666666666666669	0.1	0.5	[0]	42.0	0.2	1.0
62	0.09090909090909091	train	0.4358974358974359	0.1	0.8717948717948718	0.8947368421052632	0.85	[2]	0.5	0.0	0.0	0.0	0.0	[1]	42.0	0.2	1.0
63	0.09090909090909091	test	0.46341463414634143	0.1	0.9268292682926829	0.9047619047619048	0.95	[2]	0.5	0.0	0.0	0.0	0.0	[1]	42.0	0.2	1.0
64	0.09090909090909091	train	1.0	0.1	1.0	1.0	1.0	[2]	0.5	0.0	1.0	1.0	1.0	[3]	42.0	0.2	1.0
65	0.09090909090909091	test	1.0	0.1	1.0	1.0	1.0	[2]	0.5	0.0	1.0	1.0	1.0	[3]	42.0	0.2	1.0
66	0.09090909090909091	train	0.45	0.1	0.9	0.9	0.9	[2]	0.5	0.0	0.0	0.0	0.0	[4]	42.0	0.2	1.0
67	0.09090909090909091	test	0.3529411764705882	0.1	0.7058823529411764	0.8571428571428571	0.6	[2]	0.5	0.0	0.0	0.0	0.0	[4]	42.0	0.2	1.0
68	0.09090909090909091	train	0.41333333333333333	0.1	0.8266666666666667	0.8857142857142857	0.775	[2]	0.5	0.0	0.0	0.0	0.0	[5]	42.0	0.2	1.0
69	0.09090909090909091	test	0.5111111111111112	0.1	0.8	0.9333333333333333	0.7	[2]	0.5	0.0	0.22222222222222224	0.14285714285714285	0.5	[5]	42.0	0.2	1.0
70	0.09090909090909091	train	0.44303797468354433	0.1	0.8860759493670887	0.8974358974358975	0.875	[2]	0.5	0.0	0.0	0.0	0.0	[6]	42.0	0.2	1.0
71	0.09090909090909091	test	0.342528735632184	0.1	0.5517241379310346	0.8888888888888888	0.4	[2]	0.5	0.0	0.13333333333333336	0.07692307692307693	0.5	[6]	42.0	0.2	1.0
72	0.09090909090909091	train	0.5497219132369299	0.1	0.8413793103448275	0.9384615384615385	0.7625	[2]	0.5	0.0	0.25806451612903225	0.17391304347826086	0.5	[7]	42.0	0.2	1.0
73	0.09090909090909091	test	0.6507936507936508	0.1	0.8571428571428571	1.0	0.75	[2]	0.5	0.0	0.4444444444444445	0.2857142857142857	1.0	[7]	42.0	0.2	1.0
74	0.09090909090909091	train	0.4358974358974359	0.1	0.8717948717948718	0.8947368421052632	0.85	[2]	0.5	0.0	0.0	0.0	0.0	[8]	42.0	0.2	1.0
75	0.09090909090909091	test	0.4054054054054054	0.1	0.8108108108108107	0.8823529411764706	0.75	[2]	0.5	0.0	0.0	0.0	0.0	[8]	42.0	0.2	1.0
76	0.09090909090909091	train	0.44303797468354433	0.1	0.8860759493670887	0.8974358974358975	0.875	[2]	0.5	0.0	0.0	0.0	0.0	[9]	42.0	0.2	1.0
77	0.09090909090909091	test	0.3529411764705882	0.1	0.7058823529411764	0.8571428571428571	0.6	[2]	0.5	0.0	0.0	0.0	0.0	[9]	42.0	0.2	1.0
78	0.09090909090909091	train	0.4172185430463576	0.1	0.8344370860927152	0.8873239436619719	0.7875	[2]	0.5	0.0	0.0	0.0	0.0	[10]	42.0	0.2	1.0
79	0.09090909090909091	test	0.4358974358974359	0.1	0.8717948717948718	0.8947368421052632	0.85	[2]	0.5	0.0	0.0	0.0	0.0	[10]	42.0	0.2	1.0
80	0.09090909090909091	train	0.4465408805031446	0.1	0.8930817610062892	0.8987341772151899	0.8875	[2]	0.5	0.0	0.0	0.0	0.0	[11]	42.0	0.2	1.0
81	0.09090909090909091	test	0.3529411764705882	0.1	0.7058823529411764	0.8571428571428571	0.6	[2]	0.5	0.0	0.0	0.0	0.0	[11]	42.0	0.2	1.0
82	0.09090909090909091	train	0.4172185430463576	0.1	0.8344370860927152	0.8873239436619719	0.7875	[2]	0.5	0.0	0.0	0.0	0.0	[12]	42.0	0.2	1.0
83	0.09090909090909091	test	0.4210526315789474	0.1	0.8421052631578948	0.8888888888888888	0.8	[2]	0.5	0.0	0.0	0.0	0.0	[12]	42.0	0.2	1.0
84	0.09090909090909091	train	0.43225806451612897	0.1	0.8645161290322579	0.8933333333333333	0.8375	[2]	0.5	0.0	0.0	0.0	0.0	[13]	42.0	0.2	1.0
85	0.09090909090909091	test	0.4054054054054054	0.1	0.8108108108108107	0.8823529411764706	0.75	[2]	0.5	0.0	0.0	0.0	0.0	[13]	42.0	0.2	1.0
86	0.09090909090909091	train	0.43949044585987257	0.1	0.8789808917197451	0.8961038961038961	0.8625	[2]	0.5	0.0	0.0	0.0	0.0	[14]	42.0	0.2	1.0
87	0.09090909090909091	test	0.4054054054054054	0.1	0.8108108108108107	0.8823529411764706	0.75	[2]	0.5	0.0	0.0	0.0	0.0	[14]	42.0	0.2	1.0
88	0.09090909090909091	train	0.41333333333333333	0.1	0.8266666666666667	0.8857142857142857	0.775	[2]	0.5	0.0	0.0	0.0	0.0	[15]	42.0	0.2	1.0
89	0.09090909090909091	test	0.4358974358974359	0.1	0.8717948717948718	0.8947368421052632	0.85	[2]	0.5	0.0	0.0	0.0	0.0	[15]	42.0	0.2	1.0
90	0.08333333333333333	train	0.45569620253164556	0.1	0.9113924050632911	0.9113924050632911	0.9113924050632911	[3]	0.5	0.0	0.0	0.0	0.0	[0]	42.0	0.2	1.0
91	0.08333333333333333	test	0.47619047619047616	0.1	0.9523809523809523	0.9090909090909091	1.0	[3]	0.5	0.0	0.0	0.0	0.0	[0]	42.0	0.2	1.0
92	0.08333333333333333	train	0.4591194968553459	0.1	0.9182389937106918	0.9125	0.9240506329113924	[3]	0.5	0.0	0.0	0.0	0.0	[1]	42.0	0.2	1.0
93	0.08333333333333333	test	0.4210526315789474	0.1	0.8421052631578948	0.8888888888888888	0.8	[3]	0.5	0.0	0.0	0.0	0.0	[1]	42.0	0.2	1.0
94	0.08333333333333333	train	0.46249999999999997	0.1	0.9249999999999999	0.9135802469135802	0.9367088607594937	[3]	0.5	0.0	0.0	0.0	0.0	[2]	42.0	0.2	1.0
95	0.08333333333333333	test	0.4358974358974359	0.1	0.8717948717948718	0.8947368421052632	0.85	[3]	0.5	0.0	0.0	0.0	0.0	[2]	42.0	0.2	1.0
96	0.08333333333333333	train	0.8520811833505331	0.1	0.9673202614379084	1.0	0.9367088607594937	[3]	0.5	0.0	0.7368421052631579	0.5833333333333334	1.0	[4]	42.0	0.2	1.0
97	0.08333333333333333	test	0.6140350877192983	0.1	0.8947368421052632	0.9444444444444444	0.85	[3]	0.5	0.0	0.3333333333333333	0.25	0.5	[4]	42.0	0.2	1.0
98	0.08333333333333333	train	0.45569620253164556	0.1	0.9113924050632911	0.9113924050632911	0.9113924050632911	[3]	0.5	0.0	0.0	0.0	0.0	[5]	42.0	0.2	1.0
99	0.08333333333333333	test	0.47619047619047616	0.1	0.9523809523809523	0.9090909090909091	1.0	[3]	0.5	0.0	0.0	0.0	0.0	[5]	42.0	0.2	1.0
100	0.08333333333333333	train	0.5334538878842676	0.1	0.9240506329113924	0.9240506329113924	0.9240506329113924	[3]	0.5	0.0	0.14285714285714285	0.14285714285714285	0.14285714285714285	[6]	42.0	0.2	1.0
101	0.08333333333333333	test	0.46341463414634143	0.1	0.9268292682926829	0.9047619047619048	0.95	[3]	0.5	0.0	0.0	0.0	0.0	[6]	42.0	0.2	1.0
102	0.08333333333333333	train	0.4487179487179487	0.1	0.8974358974358974	0.9090909090909091	0.8860759493670886	[3]	0.5	0.0	0.0	0.0	0.0	[7]	42.0	0.2	1.0
103	0.08333333333333333	test	0.3529411764705882	0.1	0.7058823529411764	0.8571428571428571	0.6	[3]	0.5	0.0	0.0	0.0	0.0	[7]	42.0	0.2	1.0
104	0.08333333333333333	train	0.5423318819545235	0.1	0.9308176100628932	0.925	0.9367088607594937	[3]	0.5	0.0	0.15384615384615383	0.16666666666666666	0.14285714285714285	[8]	42.0	0.2	1.0
105	0.08333333333333333	test	0.4210526315789474	0.1	0.8421052631578948	0.8888888888888888	0.8	[3]	0.5	0.0	0.0	0.0	0.0	[8]	42.0	0.2	1.0
106	0.08333333333333333	train	0.5252653927813163	0.1	0.9171974522292994	0.9230769230769231	0.9113924050632911	[3]	0.5	0.0	0.13333333333333333	0.125	0.14285714285714285	[9]	42.0	0.2	1.0
107	0.08333333333333333	test	0.46341463414634143	0.1	0.9268292682926829	0.9047619047619048	0.95	[3]	0.5	0.0	0.0	0.0	0.0	[9]	42.0	0.2	1.0
108	0.08333333333333333	train	0.5036075036075035	0.1	0.896103896103896	0.92	0.8734177215189873	[3]	0.5	0.0	0.1111111111111111	0.09090909090909091	0.14285714285714285	[10]	42.0	0.2	1.0
109	0.08333333333333333	test	0.4210526315789474	0.1	0.8421052631578948	0.8888888888888888	0.8	[3]	0.5	0.0	0.0	0.0	0.0	[10]	42.0	0.2	1.0
110	0.08333333333333333	train	0.45222929936305734	0.1	0.9044585987261147	0.9102564102564102	0.8987341772151899	[3]	0.5	0.0	0.0	0.0	0.0	[11]	42.0	0.2	1.0
111	0.08333333333333333	test	0.4210526315789474	0.1	0.8421052631578948	0.8888888888888888	0.8	[3]	0.5	0.0	0.0	0.0	0.0	[11]	42.0	0.2	1.0
112	0.08333333333333333	train	0.655448717948718	0.1	0.9358974358974359	0.948051948051948	0.9240506329113924	[3]	0.5	0.0	0.375	0.3333333333333333	0.42857142857142855	[12]	42.0	0.2	1.0
113	0.08333333333333333	test	0.5752895752895753	0.1	0.8648648648648648	0.9411764705882353	0.8	[3]	0.5	0.0	0.28571428571428575	0.2	0.5	[12]	42.0	0.2	1.0
114	0.08333333333333333	train	0.7443736730360935	0.1	0.9554140127388535	0.9615384615384616	0.9493670886075949	[3]	0.5	0.0	0.5333333333333333	0.5	0.5714285714285714	[13]	42.0	0.2	1.0
115	0.08333333333333333	test	0.48235294117647065	0.1	0.7647058823529412	0.9285714285714286	0.65	[3]	0.5	0.0	0.2	0.125	0.5	[13]	42.0	0.2	1.0
116	0.08333333333333333	train	0.7929136566907464	0.1	0.954248366013072	0.9864864864864865	0.9240506329113924	[3]	0.5	0.0	0.631578947368421	0.5	0.8571428571428571	[14]	42.0	0.2	1.0
117	0.08333333333333333	test	0.46341463414634143	0.1	0.9268292682926829	0.9047619047619048	0.95	[3]	0.5	0.0	0.0	0.0	0.0	[14]	42.0	0.2	1.0
118	0.08333333333333333	train	0.45222929936305734	0.1	0.9044585987261147	0.9102564102564102	0.8987341772151899	[3]	0.5	0.0	0.0	0.0	0.0	[15]	42.0	0.2	1.0
119	0.08333333333333333	test	0.3125	0.1	0.625	0.8333333333333334	0.5	[3]	0.5	0.0	0.0	0.0	0.0	[15]	42.0	0.2	1.0
120	0.08571428571428572	train	0.45098039215686275	0.1	0.9019607843137255	0.9078947368421053	0.8961038961038961	[4]	0.5	0.0	0.0	0.0	0.0	[0]	42.0	0.2	1.0
121	0.08571428571428572	test	0.3823529411764707	0.1	0.7647058823529413	0.8666666666666667	0.6842105263157895	[4]	0.5	0.0	0.0	0.0	0.0	[0]	42.0	0.2	1.0
122	0.08571428571428572	train	0.5241830065359476	0.1	0.915032679738562	0.9210526315789473	0.9090909090909091	[4]	0.5	0.0	0.13333333333333333	0.125	0.14285714285714285	[1]	42.0	0.2	1.0
123	0.08571428571428572	test	0.39999999999999997	0.1	0.7999999999999999	0.875	0.7368421052631579	[4]	0.5	0.0	0.0	0.0	0.0	[1]	42.0	0.2	1.0
124	0.08571428571428572	train	0.4324324324324325	0.1	0.864864864864865	0.9014084507042254	0.8311688311688312	[4]	0.5	0.0	0.0	0.0	0.0	[2]	42.0	0.2	1.0
125	0.08571428571428572	test	0.3823529411764707	0.1	0.7647058823529413	0.8666666666666667	0.6842105263157895	[4]	0.5	0.0	0.0	0.0	0.0	[2]	42.0	0.2	1.0
126	0.08571428571428572	train	0.4285714285714286	0.1	0.8571428571428572	0.9	0.8181818181818182	[4]	0.5	0.0	0.0	0.0	0.0	[3]	42.0	0.2	1.0
127	0.08571428571428572	test	0.5367647058823529	0.1	0.8235294117647058	0.9333333333333333	0.7368421052631579	[4]	0.5	0.0	0.25	0.16666666666666666	0.5	[3]	42.0	0.2	1.0
128	0.08571428571428572	train	0.44370860927152317	0.1	0.8874172185430463	0.9054054054054054	0.8701298701298701	[4]	0.5	0.0	0.0	0.0	0.0	[5]	42.0	0.2	1.0
129	0.08571428571428572	test	0.3823529411764707	0.1	0.7647058823529413	0.8666666666666667	0.6842105263157895	[4]	0.5	0.0	0.0	0.0	0.0	[5]	42.0	0.2	1.0
130	0.08571428571428572	train	0.45098039215686275	0.1	0.9019607843137255	0.9078947368421053	0.8961038961038961	[4]	0.5	0.0	0.0	0.0	0.0	[6]	42.0	0.2	1.0
131	0.08571428571428572	test	0.6464646464646464	0.1	0.8484848484848484	1.0	0.7368421052631579	[4]	0.5	0.0	0.4444444444444445	0.2857142857142857	1.0	[6]	42.0	0.2	1.0
132	0.08571428571428572	train	0.738480697384807	0.1	0.9315068493150684	0.9855072463768116	0.8831168831168831	[4]	0.5	0.0	0.5454545454545455	0.4	0.8571428571428571	[7]	42.0	0.2	1.0
133	0.08571428571428572	test	0.475	0.1	0.7499999999999999	0.9230769230769231	0.631578947368421	[4]	0.5	0.0	0.2	0.125	0.5	[7]	42.0	0.2	1.0
134	0.08571428571428572	train	0.4285714285714286	0.1	0.8571428571428572	0.9	0.8181818181818182	[4]	0.5	0.0	0.0	0.0	0.0	[8]	42.0	0.2	1.0
135	0.08571428571428572	test	0.43243243243243246	0.1	0.8648648648648649	0.8888888888888888	0.8421052631578947	[4]	0.5	0.0	0.0	0.0	0.0	[8]	42.0	0.2	1.0
136	0.08571428571428572	train	0.44	0.1	0.88	0.9041095890410958	0.8571428571428571	[4]	0.5	0.0	0.0	0.0	0.0	[9]	42.0	0.2	1.0
137	0.08571428571428572	test	0.5367647058823529	0.1	0.8235294117647058	0.9333333333333333	0.7368421052631579	[4]	0.5	0.0	0.25	0.16666666666666666	0.5	[9]	42.0	0.2	1.0
138	0.08571428571428572	train	0.47696139476961397	0.1	0.863013698630137	0.9130434782608695	0.8181818181818182	[4]	0.5	0.0	0.09090909090909091	0.06666666666666667	0.14285714285714285	[10]	42.0	0.2	1.0
139	0.08571428571428572	test	0.475	0.1	0.7499999999999999	0.9230769230769231	0.631578947368421	[4]	0.5	0.0	0.2	0.125	0.5	[10]	42.0	0.2	1.0
140	0.08571428571428572	train	0.5164473684210527	0.1	0.9078947368421053	0.92	0.8961038961038961	[4]	0.5	0.0	0.125	0.1111111111111111	0.14285714285714285	[11]	42.0	0.2	1.0
141	0.08571428571428572	test	0.39999999999999997	0.1	0.7999999999999999	0.875	0.7368421052631579	[4]	0.5	0.0	0.0	0.0	0.0	[11]	42.0	0.2	1.0
142	0.08571428571428572	train	0.5512820512820513	0.1	0.9358974358974359	0.9240506329113924	0.948051948051948	[4]	0.5	0.0	0.16666666666666666	0.2	0.14285714285714285	[12]	42.0	0.2	1.0
143	0.08571428571428572	test	0.4473684210526316	0.1	0.8947368421052632	0.8947368421052632	0.8947368421052632	[4]	0.5	0.0	0.0	0.0	0.0	[12]	42.0	0.2	1.0
144	0.08571428571428572	train	0.4324324324324325	0.1	0.864864864864865	0.9014084507042254	0.8311688311688312	[4]	0.5	0.0	0.0	0.0	0.0	[13]	42.0	0.2	1.0
145	0.08571428571428572	test	0.3823529411764707	0.1	0.7647058823529413	0.8666666666666667	0.6842105263157895	[4]	0.5	0.0	0.0	0.0	0.0	[13]	42.0	0.2	1.0
146	0.08571428571428572	train	0.9583126550868486	0.1	0.9935483870967742	0.9871794871794872	1.0	[4]	0.5	0.0	0.923076923076923	1.0	0.8571428571428571	[14]	42.0	0.2	1.0
147	0.08571428571428572	test	0.5333333333333334	0.1	0.7333333333333334	1.0	0.5789473684210527	[4]	0.5	0.0	0.33333333333333337	0.2	1.0	[14]	42.0	0.2	1.0
148	0.08571428571428572	train	0.5324675324675324	0.1	0.922077922077922	0.922077922077922	0.922077922077922	[4]	0.5	0.0	0.14285714285714285	0.14285714285714285	0.14285714285714285	[15]	42.0	0.2	1.0
149	0.08571428571428572	test	0.41666666666666663	0.1	0.8333333333333333	0.8823529411764706	0.7894736842105263	[4]	0.5	0.0	0.0	0.0	0.0	[15]	42.0	0.2	1.0
150	0.09090909090909091	train	0.45	0.1	0.9	0.9	0.9	[5]	0.5	0.0	0.0	0.0	0.0	[0]	42.0	0.2	1.0
151	0.09090909090909091	test	0.3125	0.1	0.625	0.8333333333333334	0.5	[5]	0.5	0.0	0.0	0.0	0.0	[0]	42.0	0.2	1.0
152	0.09090909090909091	train	0.43225806451612897	0.1	0.8645161290322579	0.8933333333333333	0.8375	[5]	0.5	0.0	0.0	0.0	0.0	[1]	42.0	0.2	1.0
153	0.09090909090909091	test	0.38888888888888884	0.1	0.7777777777777777	0.875	0.7	[5]	0.5	0.0	0.0	0.0	0.0	[1]	42.0	0.2	1.0
154	0.09090909090909091	train	0.49230769230769234	0.1	0.8846153846153847	0.9078947368421053	0.8625	[5]	0.5	0.0	0.1	0.08333333333333333	0.125	[2]	42.0	0.2	1.0
155	0.09090909090909091	test	0.4358974358974359	0.1	0.8717948717948718	0.8947368421052632	0.85	[5]	0.5	0.0	0.0	0.0	0.0	[2]	42.0	0.2	1.0
156	0.09090909090909091	train	0.51165371809101	0.1	0.9056603773584907	0.9113924050632911	0.9	[5]	0.5	0.0	0.11764705882352941	0.1111111111111111	0.125	[3]	42.0	0.2	1.0
157	0.09090909090909091	test	0.5416666666666666	0.1	0.7499999999999999	1.0	0.6	[5]	0.5	0.0	0.33333333333333337	0.2	1.0	[3]	42.0	0.2	1.0
158	0.09090909090909091	train	0.4465408805031446	0.1	0.8930817610062892	0.8987341772151899	0.8875	[5]	0.5	0.0	0.0	0.0	0.0	[4]	42.0	0.2	1.0
159	0.09090909090909091	test	0.38888888888888884	0.1	0.7777777777777777	0.875	0.7	[5]	0.5	0.0	0.0	0.0	0.0	[4]	42.0	0.2	1.0
160	0.09090909090909091	train	0.7069922308546059	0.1	0.9433962264150944	0.9493670886075949	0.9375	[5]	0.5	0.0	0.47058823529411764	0.4444444444444444	0.5	[6]	42.0	0.2	1.0
161	0.09090909090909091	test	0.42708333333333326	0.1	0.6874999999999999	0.9166666666666666	0.55	[5]	0.5	0.0	0.16666666666666669	0.1	0.5	[6]	42.0	0.2	1.0
162	0.09090909090909091	train	0.4358974358974359	0.1	0.8717948717948718	0.8947368421052632	0.85	[5]	0.5	0.0	0.0	0.0	0.0	[7]	42.0	0.2	1.0
163	0.09090909090909091	test	0.33333333333333337	0.1	0.6666666666666667	0.8461538461538461	0.55	[5]	0.5	0.0	0.0	0.0	0.0	[7]	42.0	0.2	1.0
164	0.09090909090909091	train	0.7937500000000001	0.1	0.9625000000000001	0.9625	0.9625	[5]	0.5	0.0	0.625	0.625	0.625	[8]	42.0	0.2	1.0
165	0.09090909090909091	test	0.6140350877192983	0.1	0.8947368421052632	0.9444444444444444	0.85	[5]	0.5	0.0	0.3333333333333333	0.25	0.5	[8]	42.0	0.2	1.0
166	0.09090909090909091	train	0.43949044585987257	0.1	0.8789808917197451	0.8961038961038961	0.8625	[5]	0.5	0.0	0.0	0.0	0.0	[9]	42.0	0.2	1.0
167	0.09090909090909091	test	0.4054054054054054	0.1	0.8108108108108107	0.8823529411764706	0.75	[5]	0.5	0.0	0.0	0.0	0.0	[9]	42.0	0.2	1.0
168	0.09090909090909091	train	0.42857142857142855	0.1	0.8571428571428571	0.8918918918918919	0.825	[5]	0.5	0.0	0.0	0.0	0.0	[10]	42.0	0.2	1.0
169	0.09090909090909091	test	0.5416666666666667	0.1	0.8333333333333334	0.9375	0.75	[5]	0.5	0.0	0.25	0.16666666666666666	0.5	[10]	42.0	0.2	1.0
170	0.09090909090909091	train	0.4358974358974359	0.1	0.8717948717948718	0.8947368421052632	0.85	[5]	0.5	0.0	0.0	0.0	0.0	[11]	42.0	0.2	1.0
171	0.09090909090909091	test	0.4054054054054054	0.1	0.8108108108108107	0.8823529411764706	0.75	[5]	0.5	0.0	0.0	0.0	0.0	[11]	42.0	0.2	1.0
172	0.09090909090909091	train	0.51165371809101	0.1	0.9056603773584907	0.9113924050632911	0.9	[5]	0.5	0.0	0.11764705882352941	0.1111111111111111	0.125	[12]	42.0	0.2	1.0
173	0.09090909090909091	test	0.4054054054054054	0.1	0.8108108108108107	0.8823529411764706	0.75	[5]	0.5	0.0	0.0	0.0	0.0	[12]	42.0	0.2	1.0
174	0.09090909090909091	train	0.45	0.1	0.9	0.9	0.9	[5]	0.5	0.0	0.0	0.0	0.0	[13]	42.0	0.2	1.0
175	0.09090909090909091	test	0.38888888888888884	0.1	0.7777777777777777	0.875	0.7	[5]	0.5	0.0	0.0	0.0	0.0	[13]	42.0	0.2	1.0
176	0.09090909090909091	train	0.4054054054054054	0.1	0.8108108108108107	0.8823529411764706	0.75	[5]	0.5	0.0	0.0	0.0	0.0	[14]	42.0	0.2	1.0
177	0.09090909090909091	test	0.37142857142857144	0.1	0.7428571428571429	0.8666666666666667	0.65	[5]	0.5	0.0	0.0	0.0	0.0	[14]	42.0	0.2	1.0
178	0.09090909090909091	train	0.44303797468354433	0.1	0.8860759493670887	0.8974358974358975	0.875	[5]	0.5	0.0	0.0	0.0	0.0	[15]	42.0	0.2	1.0
179	0.09090909090909091	test	0.4054054054054054	0.1	0.8108108108108107	0.8823529411764706	0.75	[5]	0.5	0.0	0.0	0.0	0.0	[15]	42.0	0.2	1.0
180	0.09090909090909091	train	0.4465408805031446	0.1	0.8930817610062892	0.8987341772151899	0.8875	[6]	0.5	0.0	0.0	0.0	0.0	[0]	42.0	0.2	1.0
181	0.09090909090909091	test	0.5416666666666667	0.1	0.8333333333333334	0.9375	0.75	[6]	0.5	0.0	0.25	0.16666666666666666	0.5	[0]	42.0	0.2	1.0
182	0.09090909090909091	train	0.4465408805031446	0.1	0.8930817610062892	0.8987341772151899	0.8875	[6]	0.5	0.0	0.0	0.0	0.0	[1]	42.0	0.2	1.0
183	0.09090909090909091	test	0.42708333333333326	0.1	0.6874999999999999	0.9166666666666666	0.55	[6]	0.5	0.0	0.16666666666666669	0.1	0.5	[1]	42.0	0.2	1.0
184	0.09090909090909091	train	0.8762306610407876	0.1	0.9746835443037976	0.9871794871794872	0.9625	[6]	0.5	0.0	0.7777777777777777	0.7	0.875	[2]	42.0	0.2	1.0
185	0.09090909090909091	test	0.8871794871794871	0.1	0.9743589743589743	1.0	0.95	[6]	0.5	0.0	0.8	0.6666666666666666	1.0	[2]	42.0	0.2	1.0
186	0.09090909090909091	train	0.9114984914515589	0.1	0.980891719745223	1.0	0.9625	[6]	0.5	0.0	0.8421052631578948	0.7272727272727273	1.0	[3]	42.0	0.2	1.0
187	0.09090909090909091	test	0.7250000000000001	0.1	0.9500000000000001	0.95	0.95	[6]	0.5	0.0	0.5	0.5	0.5	[3]	42.0	0.2	1.0
188	0.09090909090909091	train	0.9674435812060673	0.1	0.9937106918238994	1.0	0.9875	[6]	0.5	0.0	0.9411764705882353	0.8888888888888888	1.0	[4]	42.0	0.2	1.0
189	0.09090909090909091	test	0.8871794871794871	0.1	0.9743589743589743	1.0	0.95	[6]	0.5	0.0	0.8	0.6666666666666666	1.0	[4]	42.0	0.2	1.0
190	0.09090909090909091	train	0.51165371809101	0.1	0.9056603773584907	0.9113924050632911	0.9	[6]	0.5	0.0	0.11764705882352941	0.1111111111111111	0.125	[5]	42.0	0.2	1.0
191	0.09090909090909091	test	0.37142857142857144	0.1	0.7428571428571429	0.8666666666666667	0.65	[6]	0.5	0.0	0.0	0.0	0.0	[5]	42.0	0.2	1.0
192	0.09090909090909091	train	0.8178053830227743	0.1	0.9689440993788819	0.9629629629629629	0.975	[6]	0.5	0.0	0.6666666666666666	0.7142857142857143	0.625	[7]	42.0	0.2	1.0
193	0.09090909090909091	test	0.7250000000000001	0.1	0.9500000000000001	0.95	0.95	[6]	0.5	0.0	0.5	0.5	0.5	[7]	42.0	0.2	1.0
194	0.09090909090909091	train	0.42857142857142855	0.1	0.8571428571428571	0.8918918918918919	0.825	[6]	0.5	0.0	0.0	0.0	0.0	[8]	42.0	0.2	1.0
195	0.09090909090909091	test	0.5416666666666667	0.1	0.8333333333333334	0.9375	0.75	[6]	0.5	0.0	0.25	0.16666666666666666	0.5	[8]	42.0	0.2	1.0
196	0.09090909090909091	train	0.5487179487179488	0.1	0.8974358974358975	0.9210526315789473	0.875	[6]	0.5	0.0	0.2	0.16666666666666666	0.25	[9]	42.0	0.2	1.0
197	0.09090909090909091	test	0.4210526315789474	0.1	0.8421052631578948	0.8888888888888888	0.8	[6]	0.5	0.0	0.0	0.0	0.0	[9]	42.0	0.2	1.0
198	0.09090909090909091	train	0.44303797468354433	0.1	0.8860759493670887	0.8974358974358975	0.875	[6]	0.5	0.0	0.0	0.0	0.0	[10]	42.0	0.2	1.0
199	0.09090909090909091	test	0.33333333333333337	0.1	0.6666666666666667	0.8461538461538461	0.55	[6]	0.5	0.0	0.0	0.0	0.0	[10]	42.0	0.2	1.0
200	0.09090909090909091	train	0.4567901234567901	0.1	0.9135802469135802	0.9024390243902439	0.925	[6]	0.5	0.0	0.0	0.0	0.0	[11]	42.0	0.2	1.0
201	0.09090909090909091	test	0.4054054054054054	0.1	0.8108108108108107	0.8823529411764706	0.75	[6]	0.5	0.0	0.0	0.0	0.0	[11]	42.0	0.2	1.0
202	0.09090909090909091	train	0.6363636363636364	0.1	0.9090909090909091	0.9459459459459459	0.875	[6]	0.5	0.0	0.36363636363636365	0.2857142857142857	0.5	[12]	42.0	0.2	1.0
203	0.09090909090909091	test	0.4210526315789474	0.1	0.8421052631578948	0.8888888888888888	0.8	[6]	0.5	0.0	0.0	0.0	0.0	[12]	42.0	0.2	1.0
204	0.09090909090909091	train	0.44303797468354433	0.1	0.8860759493670887	0.8974358974358975	0.875	[6]	0.5	0.0	0.0	0.0	0.0	[13]	42.0	0.2	1.0
205	0.09090909090909091	test	0.37142857142857144	0.1	0.7428571428571429	0.8666666666666667	0.65	[6]	0.5	0.0	0.0	0.0	0.0	[13]	42.0	0.2	1.0
206	0.09090909090909091	train	0.7026113671274962	0.1	0.9290322580645162	0.96	0.9	[6]	0.5	0.0	0.4761904761904762	0.38461538461538464	0.625	[14]	42.0	0.2	1.0
207	0.09090909090909091	test	0.5416666666666667	0.1	0.8333333333333334	0.9375	0.75	[6]	0.5	0.0	0.25	0.16666666666666666	0.5	[14]	42.0	0.2	1.0
208	0.09090909090909091	train	0.7069922308546059	0.1	0.9433962264150944	0.9493670886075949	0.9375	[6]	0.5	0.0	0.47058823529411764	0.4444444444444444	0.5	[15]	42.0	0.2	1.0
209	0.09090909090909091	test	0.4358974358974359	0.1	0.8717948717948718	0.8947368421052632	0.85	[6]	0.5	0.0	0.0	0.0	0.0	[15]	42.0	0.2	1.0
210	0.09090909090909091	train	0.42483660130718953	0.1	0.8496732026143791	0.8904109589041096	0.8125	[7]	0.5	0.0	0.0	0.0	0.0	[0]	42.0	0.2	1.0
211	0.09090909090909091	test	0.38888888888888884	0.1	0.7777777777777777	0.875	0.7	[7]	0.5	0.0	0.0	0.0	0.0	[0]	42.0	0.2	1.0
212	0.09090909090909091	train	0.4210526315789474	0.1	0.8421052631578948	0.8888888888888888	0.8	[7]	0.5	0.0	0.0	0.0	0.0	[1]	42.0	0.2	1.0
213	0.09090909090909091	test	0.4358974358974359	0.1	0.8717948717948718	0.8947368421052632	0.85	[7]	0.5	0.0	0.0	0.0	0.0	[1]	42.0	0.2	1.0
214	0.09090909090909091	train	0.40136054421768713	0.1	0.8027210884353743	0.8805970149253731	0.7375	[7]	0.5	0.0	0.0	0.0	0.0	[2]	42.0	0.2	1.0
215	0.09090909090909091	test	0.4358974358974359	0.1	0.8717948717948718	0.8947368421052632	0.85	[7]	0.5	0.0	0.0	0.0	0.0	[2]	42.0	0.2	1.0
216	0.09090909090909091	train	0.4358974358974359	0.1	0.8717948717948718	0.8947368421052632	0.85	[7]	0.5	0.0	0.0	0.0	0.0	[3]	42.0	0.2	1.0
217	0.09090909090909091	test	0.4054054054054054	0.1	0.8108108108108107	0.8823529411764706	0.75	[7]	0.5	0.0	0.0	0.0	0.0	[3]	42.0	0.2	1.0
218	0.09090909090909091	train	0.43225806451612897	0.1	0.8645161290322579	0.8933333333333333	0.8375	[7]	0.5	0.0	0.0	0.0	0.0	[4]	42.0	0.2	1.0
219	0.09090909090909091	test	0.37142857142857144	0.1	0.7428571428571429	0.8666666666666667	0.65	[7]	0.5	0.0	0.0	0.0	0.0	[4]	42.0	0.2	1.0
220	0.09090909090909091	train	0.4093959731543624	0.1	0.8187919463087248	0.8840579710144928	0.7625	[7]	0.5	0.0	0.0	0.0	0.0	[5]	42.0	0.2	1.0
221	0.09090909090909091	test	0.4054054054054054	0.1	0.8108108108108107	0.8823529411764706	0.75	[7]	0.5	0.0	0.0	0.0	0.0	[5]	42.0	0.2	1.0
222	0.09090909090909091	train	0.43949044585987257	0.1	0.8789808917197451	0.8961038961038961	0.8625	[7]	0.5	0.0	0.0	0.0	0.0	[6]	42.0	0.2	1.0
223	0.09090909090909091	test	0.4210526315789474	0.1	0.8421052631578948	0.8888888888888888	0.8	[7]	0.5	0.0	0.0	0.0	0.0	[6]	42.0	0.2	1.0
224	0.09090909090909091	train	0.65625	0.1	0.8749999999999999	0.984375	0.7875	[7]	0.5	0.0	0.43750000000000006	0.2916666666666667	0.875	[8]	42.0	0.2	1.0
225	0.09090909090909091	test	0.33333333333333337	0.1	0.6666666666666667	0.8461538461538461	0.55	[7]	0.5	0.0	0.0	0.0	0.0	[8]	42.0	0.2	1.0
226	0.09090909090909091	train	0.4210526315789474	0.1	0.8421052631578948	0.8888888888888888	0.8	[7]	0.5	0.0	0.0	0.0	0.0	[9]	42.0	0.2	1.0
227	0.09090909090909091	test	0.38888888888888884	0.1	0.7777777777777777	0.875	0.7	[7]	0.5	0.0	0.0	0.0	0.0	[9]	42.0	0.2	1.0
228	0.09090909090909091	train	0.4210526315789474	0.1	0.8421052631578948	0.8888888888888888	0.8	[7]	0.5	0.0	0.0	0.0	0.0	[10]	42.0	0.2	1.0
229	0.09090909090909091	test	0.4054054054054054	0.1	0.8108108108108107	0.8823529411764706	0.75	[7]	0.5	0.0	0.0	0.0	0.0	[10]	42.0	0.2	1.0
230	0.09090909090909091	train	0.45	0.1	0.9	0.9	0.9	[7]	0.5	0.0	0.0	0.0	0.0	[11]	42.0	0.2	1.0
231	0.09090909090909091	test	0.4054054054054054	0.1	0.8108108108108107	0.8823529411764706	0.75	[7]	0.5	0.0	0.0	0.0	0.0	[11]	42.0	0.2	1.0
232	0.09090909090909091	train	0.42483660130718953	0.1	0.8496732026143791	0.8904109589041096	0.8125	[7]	0.5	0.0	0.0	0.0	0.0	[12]	42.0	0.2	1.0
233	0.09090909090909091	test	0.45	0.1	0.9	0.9	0.9	[7]	0.5	0.0	0.0	0.0	0.0	[12]	42.0	0.2	1.0
234	0.09090909090909091	train	0.4465408805031446	0.1	0.8930817610062892	0.8987341772151899	0.8875	[7]	0.5	0.0	0.0	0.0	0.0	[13]	42.0	0.2	1.0
235	0.09090909090909091	test	0.5416666666666667	0.1	0.8333333333333334	0.9375	0.75	[7]	0.5	0.0	0.25	0.16666666666666666	0.5	[13]	42.0	0.2	1.0
236	0.09090909090909091	train	0.42857142857142855	0.1	0.8571428571428571	0.8918918918918919	0.825	[7]	0.5	0.0	0.0	0.0	0.0	[14]	42.0	0.2	1.0
237	0.09090909090909091	test	0.4210526315789474	0.1	0.8421052631578948	0.8888888888888888	0.8	[7]	0.5	0.0	0.0	0.0	0.0	[14]	42.0	0.2	1.0
238	0.09090909090909091	train	0.44303797468354433	0.1	0.8860759493670887	0.8974358974358975	0.875	[7]	0.5	0.0	0.0	0.0	0.0	[15]	42.0	0.2	1.0
239	0.09090909090909091	test	0.4054054054054054	0.1	0.8108108108108107	0.8823529411764706	0.75	[7]	0.5	0.0	0.0	0.0	0.0	[15]	42.0	0.2	1.0
240	0.09090909090909091	train	0.3838383838383838	0.1	0.7676767676767676	0.8636363636363636	0.6909090909090909	[8]	0.5	0.0	0.0	0.0	0.0	[0]	42.0	0.2	1.0
241	0.09090909090909091	test	0.4482758620689655	0.1	0.896551724137931	0.9285714285714286	0.8666666666666667	[8]	0.5	0.0	0.0	0.0	0.0	[0]	42.0	0.2	1.0
242	0.09090909090909091	train	0.39000000000000007	0.1	0.7800000000000001	0.8666666666666667	0.7090909090909091	[8]	0.5	0.0	0.0	0.0	0.0	[1]	42.0	0.2	1.0
243	0.09090909090909091	test	0.42857142857142855	0.1	0.8571428571428571	0.9230769230769231	0.8	[8]	0.5	0.0	0.0	0.0	0.0	[1]	42.0	0.2	1.0
244	0.09090909090909091	train	0.39000000000000007	0.1	0.7800000000000001	0.8666666666666667	0.7090909090909091	[8]	0.5	0.0	0.0	0.0	0.0	[2]	42.0	0.2	1.0
245	0.09090909090909091	test	0.42857142857142855	0.1	0.8571428571428571	0.9230769230769231	0.8	[8]	0.5	0.0	0.0	0.0	0.0	[2]	42.0	0.2	1.0
246	0.09090909090909091	train	0.396039603960396	0.1	0.792079207920792	0.8695652173913043	0.7272727272727273	[8]	0.5	0.0	0.0	0.0	0.0	[3]	42.0	0.2	1.0
247	0.09090909090909091	test	0.3846153846153846	0.1	0.7692307692307692	0.9090909090909091	0.6666666666666666	[8]	0.5	0.0	0.0	0.0	0.0	[3]	42.0	0.2	1.0
248	0.09090909090909091	train	0.429421768707483	0.1	0.7755102040816326	0.8837209302325582	0.6909090909090909	[8]	0.5	0.0	0.08333333333333333	0.05555555555555555	0.16666666666666666	[4]	42.0	0.2	1.0
249	0.09090909090909091	test	0.4482758620689655	0.1	0.896551724137931	0.9285714285714286	0.8666666666666667	[8]	0.5	0.0	0.0	0.0	0.0	[4]	42.0	0.2	1.0
250	0.09090909090909091	train	0.396039603960396	0.1	0.792079207920792	0.8695652173913043	0.7272727272727273	[8]	0.5	0.0	0.0	0.0	0.0	[5]	42.0	0.2	1.0
251	0.09090909090909091	test	0.4074074074074074	0.1	0.8148148148148148	0.9166666666666666	0.7333333333333333	[8]	0.5	0.0	0.0	0.0	0.0	[5]	42.0	0.2	1.0
252	0.09090909090909091	train	0.396039603960396	0.1	0.792079207920792	0.8695652173913043	0.7272727272727273	[8]	0.5	0.0	0.0	0.0	0.0	[6]	42.0	0.2	1.0
253	0.09090909090909091	test	0.4074074074074074	0.1	0.8148148148148148	0.9166666666666666	0.7333333333333333	[8]	0.5	0.0	0.0	0.0	0.0	[6]	42.0	0.2	1.0
254	0.09090909090909091	train	0.4617647058823529	0.1	0.8235294117647058	0.8936170212765957	0.7636363636363637	[8]	0.5	0.0	0.1	0.07142857142857142	0.16666666666666666	[7]	42.0	0.2	1.0
255	0.09090909090909091	test	0.36000000000000004	0.1	0.7200000000000001	0.9	0.6	[8]	0.5	0.0	0.0	0.0	0.0	[7]	42.0	0.2	1.0
256	0.09090909090909091	train	0.41346153846153844	0.1	0.8269230769230769	0.8775510204081632	0.7818181818181819	[8]	0.5	0.0	0.0	0.0	0.0	[9]	42.0	0.2	1.0
257	0.09090909090909091	test	0.3043478260869565	0.1	0.608695652173913	0.875	0.4666666666666667	[8]	0.5	0.0	0.0	0.0	0.0	[9]	42.0	0.2	1.0
258	0.09090909090909091	train	0.396039603960396	0.1	0.792079207920792	0.8695652173913043	0.7272727272727273	[8]	0.5	0.0	0.0	0.0	0.0	[10]	42.0	0.2	1.0
259	0.09090909090909091	test	0.4074074074074074	0.1	0.8148148148148148	0.9166666666666666	0.7333333333333333	[8]	0.5	0.0	0.0	0.0	0.0	[10]	42.0	0.2	1.0
260	0.09090909090909091	train	0.39000000000000007	0.1	0.7800000000000001	0.8666666666666667	0.7090909090909091	[8]	0.5	0.0	0.0	0.0	0.0	[11]	42.0	0.2	1.0
261	0.09090909090909091	test	0.42857142857142855	0.1	0.8571428571428571	0.9230769230769231	0.8	[8]	0.5	0.0	0.0	0.0	0.0	[11]	42.0	0.2	1.0
262	0.09090909090909091	train	0.396039603960396	0.1	0.792079207920792	0.8695652173913043	0.7272727272727273	[8]	0.5	0.0	0.0	0.0	0.0	[12]	42.0	0.2	1.0
263	0.09090909090909091	test	0.3846153846153846	0.1	0.7692307692307692	0.9090909090909091	0.6666666666666666	[8]	0.5	0.0	0.0	0.0	0.0	[12]	42.0	0.2	1.0
264	0.09090909090909091	train	0.396039603960396	0.1	0.792079207920792	0.8695652173913043	0.7272727272727273	[8]	0.5	0.0	0.0	0.0	0.0	[13]	42.0	0.2	1.0
265	0.09090909090909091	test	0.4074074074074074	0.1	0.8148148148148148	0.9166666666666666	0.7333333333333333	[8]	0.5	0.0	0.0	0.0	0.0	[13]	42.0	0.2	1.0
266	0.09090909090909091	train	0.4535596416784536	0.1	0.8118811881188119	0.8913043478260869	0.7454545454545455	[8]	0.5	0.0	0.09523809523809522	0.06666666666666667	0.16666666666666666	[14]	42.0	0.2	1.0
267	0.09090909090909091	test	0.3846153846153846	0.1	0.7692307692307692	0.9090909090909091	0.6666666666666666	[8]	0.5	0.0	0.0	0.0	0.0	[14]	42.0	0.2	1.0
268	0.09090909090909091	train	0.4019607843137255	0.1	0.803921568627451	0.8723404255319149	0.7454545454545455	[8]	0.5	0.0	0.0	0.0	0.0	[15]	42.0	0.2	1.0
269	0.09090909090909091	test	0.36000000000000004	0.1	0.7200000000000001	0.9	0.6	[8]	0.5	0.0	0.0	0.0	0.0	[15]	42.0	0.2	1.0
270	0.09090909090909091	train	0.7026113671274962	0.1	0.9290322580645162	0.96	0.9	[9]	0.5	0.0	0.4761904761904762	0.38461538461538464	0.625	[0]	42.0	0.2	1.0
271	0.09090909090909091	test	0.342528735632184	0.1	0.5517241379310346	0.8888888888888888	0.4	[9]	0.5	0.0	0.13333333333333336	0.07692307692307693	0.5	[0]	42.0	0.2	1.0
272	0.09090909090909091	train	0.8762306610407876	0.1	0.9746835443037976	0.9871794871794872	0.9625	[9]	0.5	0.0	0.7777777777777777	0.7	0.875	[1]	42.0	0.2	1.0
273	0.09090909090909091	test	0.6140350877192983	0.1	0.8947368421052632	0.9444444444444444	0.85	[9]	0.5	0.0	0.3333333333333333	0.25	0.5	[1]	42.0	0.2	1.0
274	0.09090909090909091	train	0.51165371809101	0.1	0.9056603773584907	0.9113924050632911	0.9	[9]	0.5	0.0	0.11764705882352941	0.1111111111111111	0.125	[2]	42.0	0.2	1.0
275	0.09090909090909091	test	0.3125	0.1	0.625	0.8333333333333334	0.5	[9]	0.5	0.0	0.0	0.0	0.0	[2]	42.0	0.2	1.0
276	0.09090909090909091	train	0.4567901234567901	0.1	0.9135802469135802	0.9024390243902439	0.925	[9]	0.5	0.0	0.0	0.0	0.0	[3]	42.0	0.2	1.0
277	0.09090909090909091	test	0.7250000000000001	0.1	0.9500000000000001	0.95	0.95	[9]	0.5	0.0	0.5	0.5	0.5	[3]	42.0	0.2	1.0
278	0.09090909090909091	train	0.4465408805031446	0.1	0.8930817610062892	0.8987341772151899	0.8875	[9]	0.5	0.0	0.0	0.0	0.0	[4]	42.0	0.2	1.0
279	0.09090909090909091	test	0.37142857142857144	0.1	0.7428571428571429	0.8666666666666667	0.65	[9]	0.5	0.0	0.0	0.0	0.0	[4]	42.0	0.2	1.0
280	0.09090909090909091	train	0.5875	0.1	0.925	0.925	0.925	[9]	0.5	0.0	0.25	0.25	0.25	[5]	42.0	0.2	1.0
281	0.09090909090909091	test	0.5757575757575758	0.1	0.787878787878788	1.0	0.65	[9]	0.5	0.0	0.3636363636363636	0.2222222222222222	1.0	[5]	42.0	0.2	1.0
282	0.09090909090909091	train	0.4465408805031446	0.1	0.8930817610062892	0.8987341772151899	0.8875	[9]	0.5	0.0	0.0	0.0	0.0	[6]	42.0	0.2	1.0
283	0.09090909090909091	test	0.3529411764705882	0.1	0.7058823529411764	0.8571428571428571	0.6	[9]	0.5	0.0	0.0	0.0	0.0	[6]	42.0	0.2	1.0
284	0.09090909090909091	train	0.45	0.1	0.9	0.9	0.9	[9]	0.5	0.0	0.0	0.0	0.0	[7]	42.0	0.2	1.0
285	0.09090909090909091	test	0.2903225806451613	0.1	0.5806451612903226	0.8181818181818182	0.45	[9]	0.5	0.0	0.0	0.0	0.0	[7]	42.0	0.2	1.0
286	0.09090909090909091	train	0.8754129306276546	0.1	0.9815950920245399	0.963855421686747	1.0	[9]	0.5	0.0	0.7692307692307693	1.0	0.625	[8]	42.0	0.2	1.0
287	0.09090909090909091	test	0.6140350877192983	0.1	0.8947368421052632	0.9444444444444444	0.85	[9]	0.5	0.0	0.3333333333333333	0.25	0.5	[8]	42.0	0.2	1.0
288	0.09090909090909091	train	1.0	0.1	1.0	1.0	1.0	[9]	0.5	0.0	1.0	1.0	1.0	[10]	42.0	0.2	1.0
289	0.09090909090909091	test	0.8871794871794871	0.1	0.9743589743589743	1.0	0.95	[9]	0.5	0.0	0.8	0.6666666666666666	1.0	[10]	42.0	0.2	1.0
290	0.09090909090909091	train	1.0	0.1	1.0	1.0	1.0	[9]	0.5	0.0	1.0	1.0	1.0	[11]	42.0	0.2	1.0
291	0.09090909090909091	test	1.0	0.1	1.0	1.0	1.0	[9]	0.5	0.0	1.0	1.0	1.0	[11]	42.0	0.2	1.0
292	0.09090909090909091	train	0.4465408805031446	0.1	0.8930817610062892	0.8987341772151899	0.8875	[9]	0.5	0.0	0.0	0.0	0.0	[12]	42.0	0.2	1.0
293	0.09090909090909091	test	0.42708333333333326	0.1	0.6874999999999999	0.9166666666666666	0.55	[9]	0.5	0.0	0.16666666666666669	0.1	0.5	[12]	42.0	0.2	1.0
294	0.09090909090909091	train	0.9674435812060673	0.1	0.9937106918238994	1.0	0.9875	[9]	0.5	0.0	0.9411764705882353	0.8888888888888888	1.0	[13]	42.0	0.2	1.0
295	0.09090909090909091	test	0.6615384615384616	0.1	0.9230769230769231	0.9473684210526315	0.9	[9]	0.5	0.0	0.4	0.3333333333333333	0.5	[13]	42.0	0.2	1.0
296	0.09090909090909091	train	0.5991718426501035	0.1	0.9316770186335404	0.9259259259259259	0.9375	[9]	0.5	0.0	0.26666666666666666	0.2857142857142857	0.25	[14]	42.0	0.2	1.0
297	0.09090909090909091	test	0.5111111111111112	0.1	0.8	0.9333333333333333	0.7	[9]	0.5	0.0	0.22222222222222224	0.14285714285714285	0.5	[14]	42.0	0.2	1.0
298	0.09090909090909091	train	0.8178053830227743	0.1	0.9689440993788819	0.9629629629629629	0.975	[9]	0.5	0.0	0.6666666666666666	0.7142857142857143	0.625	[15]	42.0	0.2	1.0
299	0.09090909090909091	test	0.38888888888888884	0.1	0.7777777777777777	0.875	0.7	[9]	0.5	0.0	0.0	0.0	0.0	[15]	42.0	0.2	1.0
300	0.09090909090909091	train	0.41333333333333333	0.1	0.8266666666666667	0.8857142857142857	0.775	[10]	0.5	0.0	0.0	0.0	0.0	[0]	42.0	0.2	1.0
301	0.09090909090909091	test	0.4210526315789474	0.1	0.8421052631578948	0.8888888888888888	0.8	[10]	0.5	0.0	0.0	0.0	0.0	[0]	42.0	0.2	1.0
302	0.09090909090909091	train	0.45314441958737267	0.1	0.8322147651006713	0.8985507246376812	0.775	[10]	0.5	0.0	0.07407407407407407	0.05263157894736842	0.125	[1]	42.0	0.2	1.0
303	0.09090909090909091	test	0.33333333333333337	0.1	0.6666666666666667	0.8461538461538461	0.55	[10]	0.5	0.0	0.0	0.0	0.0	[1]	42.0	0.2	1.0
304	0.09090909090909091	train	0.4172185430463576	0.1	0.8344370860927152	0.8873239436619719	0.7875	[10]	0.5	0.0	0.0	0.0	0.0	[2]	42.0	0.2	1.0
305	0.09090909090909091	test	0.48235294117647065	0.1	0.7647058823529412	0.9285714285714286	0.65	[10]	0.5	0.0	0.2	0.125	0.5	[2]	42.0	0.2	1.0
306	0.09090909090909091	train	0.4210526315789474	0.1	0.8421052631578948	0.8888888888888888	0.8	[10]	0.5	0.0	0.0	0.0	0.0	[3]	42.0	0.2	1.0
307	0.09090909090909091	test	0.37142857142857144	0.1	0.7428571428571429	0.8666666666666667	0.65	[10]	0.5	0.0	0.0	0.0	0.0	[3]	42.0	0.2	1.0
308	0.09090909090909091	train	0.4093959731543624	0.1	0.8187919463087248	0.8840579710144928	0.7625	[10]	0.5	0.0	0.0	0.0	0.0	[4]	42.0	0.2	1.0
309	0.09090909090909091	test	0.4054054054054054	0.1	0.8108108108108107	0.8823529411764706	0.75	[10]	0.5	0.0	0.0	0.0	0.0	[4]	42.0	0.2	1.0
310	0.09090909090909091	train	0.42483660130718953	0.1	0.8496732026143791	0.8904109589041096	0.8125	[10]	0.5	0.0	0.0	0.0	0.0	[5]	42.0	0.2	1.0
311	0.09090909090909091	test	0.33333333333333337	0.1	0.6666666666666667	0.8461538461538461	0.55	[10]	0.5	0.0	0.0	0.0	0.0	[5]	42.0	0.2	1.0
312	0.09090909090909091	train	0.4426460239268122	0.1	0.816326530612245	0.8955223880597015	0.75	[10]	0.5	0.0	0.06896551724137931	0.047619047619047616	0.125	[6]	42.0	0.2	1.0
313	0.09090909090909091	test	0.48235294117647065	0.1	0.7647058823529412	0.9285714285714286	0.65	[10]	0.5	0.0	0.2	0.125	0.5	[6]	42.0	0.2	1.0
314	0.09090909090909091	train	0.4054054054054054	0.1	0.8108108108108107	0.8823529411764706	0.75	[10]	0.5	0.0	0.0	0.0	0.0	[7]	42.0	0.2	1.0
315	0.09090909090909091	test	0.37142857142857144	0.1	0.7428571428571429	0.8666666666666667	0.65	[10]	0.5	0.0	0.0	0.0	0.0	[7]	42.0	0.2	1.0
316	0.09090909090909091	train	0.4210526315789474	0.1	0.8421052631578948	0.8888888888888888	0.8	[10]	0.5	0.0	0.0	0.0	0.0	[8]	42.0	0.2	1.0
317	0.09090909090909091	test	0.4054054054054054	0.1	0.8108108108108107	0.8823529411764706	0.75	[10]	0.5	0.0	0.0	0.0	0.0	[8]	42.0	0.2	1.0
318	0.09090909090909091	train	0.4567901234567901	0.1	0.9135802469135802	0.9024390243902439	0.925	[10]	0.5	0.0	0.0	0.0	0.0	[9]	42.0	0.2	1.0
319	0.09090909090909091	test	0.4210526315789474	0.1	0.8421052631578948	0.8888888888888888	0.8	[10]	0.5	0.0	0.0	0.0	0.0	[9]	42.0	0.2	1.0
320	0.09090909090909091	train	0.45341614906832295	0.1	0.9068322981366459	0.9012345679012346	0.9125	[10]	0.5	0.0	0.0	0.0	0.0	[11]	42.0	0.2	1.0
321	0.09090909090909091	test	0.47619047619047616	0.1	0.9523809523809523	0.9090909090909091	1.0	[10]	0.5	0.0	0.0	0.0	0.0	[11]	42.0	0.2	1.0
322	0.09090909090909091	train	0.45	0.1	0.9	0.9	0.9	[10]	0.5	0.0	0.0	0.0	0.0	[12]	42.0	0.2	1.0
323	0.09090909090909091	test	0.3529411764705882	0.1	0.7058823529411764	0.8571428571428571	0.6	[10]	0.5	0.0	0.0	0.0	0.0	[12]	42.0	0.2	1.0
324	0.09090909090909091	train	0.42483660130718953	0.1	0.8496732026143791	0.8904109589041096	0.8125	[10]	0.5	0.0	0.0	0.0	0.0	[13]	42.0	0.2	1.0
325	0.09090909090909091	test	0.33333333333333337	0.1	0.6666666666666667	0.8461538461538461	0.55	[10]	0.5	0.0	0.0	0.0	0.0	[13]	42.0	0.2	1.0
326	0.09090909090909091	train	0.4210526315789474	0.1	0.8421052631578948	0.8888888888888888	0.8	[10]	0.5	0.0	0.0	0.0	0.0	[14]	42.0	0.2	1.0
327	0.09090909090909091	test	0.4210526315789474	0.1	0.8421052631578948	0.8888888888888888	0.8	[10]	0.5	0.0	0.0	0.0	0.0	[14]	42.0	0.2	1.0
328	0.09090909090909091	train	0.432258064516129	0.1	0.8	0.8923076923076924	0.725	[10]	0.5	0.0	0.06451612903225806	0.043478260869565216	0.125	[15]	42.0	0.2	1.0
329	0.09090909090909091	test	0.4545454545454546	0.1	0.7272727272727274	0.9230769230769231	0.6	[10]	0.5	0.0	0.1818181818181818	0.1111111111111111	0.5	[15]	42.0	0.2	1.0
330	0.09090909090909091	train	0.4465408805031446	0.1	0.8930817610062892	0.8987341772151899	0.8875	[11]	0.5	0.0	0.0	0.0	0.0	[0]	42.0	0.2	1.0
331	0.09090909090909091	test	0.3529411764705882	0.1	0.7058823529411764	0.8571428571428571	0.6	[11]	0.5	0.0	0.0	0.0	0.0	[0]	42.0	0.2	1.0
332	0.09090909090909091	train	0.44303797468354433	0.1	0.8860759493670887	0.8974358974358975	0.875	[11]	0.5	0.0	0.0	0.0	0.0	[1]	42.0	0.2	1.0
333	0.09090909090909091	test	0.5416666666666667	0.1	0.8333333333333334	0.9375	0.75	[11]	0.5	0.0	0.25	0.16666666666666666	0.5	[1]	42.0	0.2	1.0
334	0.09090909090909091	train	0.49849145155883334	0.1	0.8917197452229298	0.9090909090909091	0.875	[11]	0.5	0.0	0.10526315789473685	0.09090909090909091	0.125	[2]	42.0	0.2	1.0
335	0.09090909090909091	test	0.3529411764705882	0.1	0.7058823529411764	0.8571428571428571	0.6	[11]	0.5	0.0	0.0	0.0	0.0	[2]	42.0	0.2	1.0
336	0.09090909090909091	train	0.7026113671274962	0.1	0.9290322580645162	0.96	0.9	[11]	0.5	0.0	0.4761904761904762	0.38461538461538464	0.625	[3]	42.0	0.2	1.0
337	0.09090909090909091	test	0.6944444444444444	0.1	0.888888888888889	1.0	0.8	[11]	0.5	0.0	0.5	0.3333333333333333	1.0	[3]	42.0	0.2	1.0
338	0.09090909090909091	train	0.7069922308546059	0.1	0.9433962264150944	0.9493670886075949	0.9375	[11]	0.5	0.0	0.47058823529411764	0.4444444444444444	0.5	[4]	42.0	0.2	1.0
339	0.09090909090909091	test	0.37142857142857144	0.1	0.7428571428571429	0.8666666666666667	0.65	[11]	0.5	0.0	0.0	0.0	0.0	[4]	42.0	0.2	1.0
340	0.09090909090909091	train	0.4465408805031446	0.1	0.8930817610062892	0.8987341772151899	0.8875	[11]	0.5	0.0	0.0	0.0	0.0	[5]	42.0	0.2	1.0
341	0.09090909090909091	test	0.33333333333333337	0.1	0.6666666666666667	0.8461538461538461	0.55	[11]	0.5	0.0	0.0	0.0	0.0	[5]	42.0	0.2	1.0
342	0.09090909090909091	train	0.43949044585987257	0.1	0.8789808917197451	0.8961038961038961	0.8625	[11]	0.5	0.0	0.0	0.0	0.0	[6]	42.0	0.2	1.0
343	0.09090909090909091	test	0.5111111111111112	0.1	0.8	0.9333333333333333	0.7	[11]	0.5	0.0	0.22222222222222224	0.14285714285714285	0.5	[6]	42.0	0.2	1.0
344	0.09090909090909091	train	0.5574924572577942	0.1	0.9044585987261146	0.922077922077922	0.8875	[11]	0.5	0.0	0.2105263157894737	0.18181818181818182	0.25	[7]	42.0	0.2	1.0
345	0.09090909090909091	test	0.4054054054054054	0.1	0.8108108108108107	0.8823529411764706	0.75	[11]	0.5	0.0	0.0	0.0	0.0	[7]	42.0	0.2	1.0
346	0.09090909090909091	train	0.43949044585987257	0.1	0.8789808917197451	0.8961038961038961	0.8625	[11]	0.5	0.0	0.0	0.0	0.0	[8]	42.0	0.2	1.0
347	0.09090909090909091	test	0.48235294117647065	0.1	0.7647058823529412	0.9285714285714286	0.65	[11]	0.5	0.0	0.2	0.125	0.5	[8]	42.0	0.2	1.0
348	0.09090909090909091	train	0.7743589743589745	0.1	0.9487179487179489	0.9736842105263158	0.925	[11]	0.5	0.0	0.6	0.5	0.75	[9]	42.0	0.2	1.0
349	0.09090909090909091	test	0.7451737451737452	0.1	0.9189189189189189	1.0	0.85	[11]	0.5	0.0	0.5714285714285715	0.4	1.0	[9]	42.0	0.2	1.0
350	0.09090909090909091	train	0.43949044585987257	0.1	0.8789808917197451	0.8961038961038961	0.8625	[11]	0.5	0.0	0.0	0.0	0.0	[10]	42.0	0.2	1.0
351	0.09090909090909091	test	0.26666666666666666	0.1	0.5333333333333333	0.8	0.4	[11]	0.5	0.0	0.0	0.0	0.0	[10]	42.0	0.2	1.0
352	0.09090909090909091	train	0.4358974358974359	0.1	0.8717948717948718	0.8947368421052632	0.85	[11]	0.5	0.0	0.0	0.0	0.0	[12]	42.0	0.2	1.0
353	0.09090909090909091	test	0.4358974358974359	0.1	0.8717948717948718	0.8947368421052632	0.85	[11]	0.5	0.0	0.0	0.0	0.0	[12]	42.0	0.2	1.0
354	0.09090909090909091	train	0.45341614906832295	0.1	0.9068322981366459	0.9012345679012346	0.9125	[11]	0.5	0.0	0.0	0.0	0.0	[13]	42.0	0.2	1.0
355	0.09090909090909091	test	0.4545454545454546	0.1	0.7272727272727274	0.9230769230769231	0.6	[11]	0.5	0.0	0.1818181818181818	0.1111111111111111	0.5	[13]	42.0	0.2	1.0
356	0.09090909090909091	train	1.0	0.1	1.0	1.0	1.0	[11]	0.5	0.0	1.0	1.0	1.0	[14]	42.0	0.2	1.0
357	0.09090909090909091	test	0.4054054054054054	0.1	0.8108108108108107	0.8823529411764706	0.75	[11]	0.5	0.0	0.0	0.0	0.0	[14]	42.0	0.2	1.0
358	0.09090909090909091	train	0.5487179487179488	0.1	0.8974358974358975	0.9210526315789473	0.875	[11]	0.5	0.0	0.2	0.16666666666666666	0.25	[15]	42.0	0.2	1.0
359	0.09090909090909091	test	0.37142857142857144	0.1	0.7428571428571429	0.8666666666666667	0.65	[11]	0.5	0.0	0.0	0.0	0.0	[15]	42.0	0.2	1.0
360	0.09090909090909091	train	0.45341614906832295	0.1	0.9068322981366459	0.9012345679012346	0.9125	[12]	0.5	0.0	0.0	0.0	0.0	[0]	42.0	0.2	1.0
361	0.09090909090909091	test	0.6507936507936508	0.1	0.8571428571428571	1.0	0.75	[12]	0.5	0.0	0.4444444444444445	0.2857142857142857	1.0	[0]	42.0	0.2	1.0
362	0.09090909090909091	train	0.45	0.1	0.9	0.9	0.9	[12]	0.5	0.0	0.0	0.0	0.0	[1]	42.0	0.2	1.0
363	0.09090909090909091	test	0.6615384615384616	0.1	0.9230769230769231	0.9473684210526315	0.9	[12]	0.5	0.0	0.4	0.3333333333333333	0.5	[1]	42.0	0.2	1.0
364	0.09090909090909091	train	0.6905766526019691	0.1	0.9367088607594937	0.9487179487179487	0.925	[12]	0.5	0.0	0.4444444444444445	0.4	0.5	[2]	42.0	0.2	1.0
365	0.09090909090909091	test	0.39950372208436724	0.1	0.6451612903225806	0.9090909090909091	0.5	[12]	0.5	0.0	0.15384615384615385	0.09090909090909091	0.5	[2]	42.0	0.2	1.0
366	0.09090909090909091	train	0.51165371809101	0.1	0.9056603773584907	0.9113924050632911	0.9	[12]	0.5	0.0	0.11764705882352941	0.1111111111111111	0.125	[3]	42.0	0.2	1.0
367	0.09090909090909091	test	0.4054054054054054	0.1	0.8108108108108107	0.8823529411764706	0.75	[12]	0.5	0.0	0.0	0.0	0.0	[3]	42.0	0.2	1.0
368	0.09090909090909091	train	0.8447971781305115	0.1	0.9753086419753086	0.9634146341463414	0.9875	[12]	0.5	0.0	0.7142857142857143	0.8333333333333334	0.625	[4]	42.0	0.2	1.0
369	0.09090909090909091	test	0.611764705882353	0.1	0.8235294117647058	1.0	0.7	[12]	0.5	0.0	0.4	0.25	1.0	[4]	42.0	0.2	1.0
370	0.09090909090909091	train	0.44303797468354433	0.1	0.8860759493670887	0.8974358974358975	0.875	[12]	0.5	0.0	0.0	0.0	0.0	[5]	42.0	0.2	1.0
371	0.09090909090909091	test	0.4358974358974359	0.1	0.8717948717948718	0.8947368421052632	0.85	[12]	0.5	0.0	0.0	0.0	0.0	[5]	42.0	0.2	1.0
372	0.09090909090909091	train	0.8307692307692307	0.1	0.9615384615384615	0.9868421052631579	0.9375	[12]	0.5	0.0	0.7000000000000001	0.5833333333333334	0.875	[6]	42.0	0.2	1.0
373	0.09090909090909091	test	0.8070175438596492	0.1	0.9473684210526316	1.0	0.9	[12]	0.5	0.0	0.6666666666666666	0.5	1.0	[6]	42.0	0.2	1.0
374	0.09090909090909091	train	0.43949044585987257	0.1	0.8789808917197451	0.8961038961038961	0.8625	[12]	0.5	0.0	0.0	0.0	0.0	[7]	42.0	0.2	1.0
375	0.09090909090909091	test	0.5111111111111112	0.1	0.8	0.9333333333333333	0.7	[12]	0.5	0.0	0.22222222222222224	0.14285714285714285	0.5	[7]	42.0	0.2	1.0
376	0.09090909090909091	train	0.43949044585987257	0.1	0.8789808917197451	0.8961038961038961	0.8625	[12]	0.5	0.0	0.0	0.0	0.0	[8]	42.0	0.2	1.0
377	0.09090909090909091	test	0.4358974358974359	0.1	0.8717948717948718	0.8947368421052632	0.85	[12]	0.5	0.0	0.0	0.0	0.0	[8]	42.0	0.2	1.0
378	0.09090909090909091	train	0.6286919831223629	0.1	0.9240506329113924	0.9358974358974359	0.9125	[12]	0.5	0.0	0.33333333333333326	0.3	0.375	[9]	42.0	0.2	1.0
379	0.09090909090909091	test	0.611764705882353	0.1	0.8235294117647058	1.0	0.7	[12]	0.5	0.0	0.4	0.25	1.0	[9]	42.0	0.2	1.0
380	0.09090909090909091	train	0.45341614906832295	0.1	0.9068322981366459	0.9012345679012346	0.9125	[12]	0.5	0.0	0.0	0.0	0.0	[10]	42.0	0.2	1.0
381	0.09090909090909091	test	0.5752895752895753	0.1	0.8648648648648648	0.9411764705882353	0.8	[12]	0.5	0.0	0.28571428571428575	0.2	0.5	[10]	42.0	0.2	1.0
382	0.09090909090909091	train	0.4567901234567901	0.1	0.9135802469135802	0.9024390243902439	0.925	[12]	0.5	0.0	0.0	0.0	0.0	[11]	42.0	0.2	1.0
383	0.09090909090909091	test	0.39950372208436724	0.1	0.6451612903225806	0.9090909090909091	0.5	[12]	0.5	0.0	0.15384615384615385	0.09090909090909091	0.5	[11]	42.0	0.2	1.0
384	0.09090909090909091	train	0.51165371809101	0.1	0.9056603773584907	0.9113924050632911	0.9	[12]	0.5	0.0	0.11764705882352941	0.1111111111111111	0.125	[13]	42.0	0.2	1.0
385	0.09090909090909091	test	0.3529411764705882	0.1	0.7058823529411764	0.8571428571428571	0.6	[12]	0.5	0.0	0.0	0.0	0.0	[13]	42.0	0.2	1.0
386	0.09090909090909091	train	0.7566820276497697	0.1	0.9419354838709678	0.9733333333333334	0.9125	[12]	0.5	0.0	0.5714285714285714	0.46153846153846156	0.75	[14]	42.0	0.2	1.0
387	0.09090909090909091	test	0.611764705882353	0.1	0.8235294117647058	1.0	0.7	[12]	0.5	0.0	0.4	0.25	1.0	[14]	42.0	0.2	1.0
388	0.09090909090909091	train	0.43949044585987257	0.1	0.8789808917197451	0.8961038961038961	0.8625	[12]	0.5	0.0	0.0	0.0	0.0	[15]	42.0	0.2	1.0
389	0.09090909090909091	test	0.4358974358974359	0.1	0.8717948717948718	0.8947368421052632	0.85	[12]	0.5	0.0	0.0	0.0	0.0	[15]	42.0	0.2	1.0
390	0.09090909090909091	train	0.43949044585987257	0.1	0.8789808917197451	0.8961038961038961	0.8625	[13]	0.5	0.0	0.0	0.0	0.0	[0]	42.0	0.2	1.0
391	0.09090909090909091	test	0.38888888888888884	0.1	0.7777777777777777	0.875	0.7	[13]	0.5	0.0	0.0	0.0	0.0	[0]	42.0	0.2	1.0
392	0.09090909090909091	train	0.5262939958592133	0.1	0.9192546583850932	0.9135802469135802	0.925	[13]	0.5	0.0	0.13333333333333333	0.14285714285714285	0.125	[1]	42.0	0.2	1.0
393	0.09090909090909091	test	0.6140350877192983	0.1	0.8947368421052632	0.9444444444444444	0.85	[13]	0.5	0.0	0.3333333333333333	0.25	0.5	[1]	42.0	0.2	1.0
394	0.09090909090909091	train	0.51875	0.1	0.9125	0.9125	0.9125	[13]	0.5	0.0	0.125	0.125	0.125	[2]	42.0	0.2	1.0
395	0.09090909090909091	test	0.4210526315789474	0.1	0.8421052631578948	0.8888888888888888	0.8	[13]	0.5	0.0	0.0	0.0	0.0	[2]	42.0	0.2	1.0
396	0.09090909090909091	train	0.8871794871794871	0.1	0.9743589743589743	1.0	0.95	[13]	0.5	0.0	0.8	0.6666666666666666	1.0	[3]	42.0	0.2	1.0
397	0.09090909090909091	test	1.0	0.1	1.0	1.0	1.0	[13]	0.5	0.0	1.0	1.0	1.0	[3]	42.0	0.2	1.0
398	0.09090909090909091	train	0.45341614906832295	0.1	0.9068322981366459	0.9012345679012346	0.9125	[13]	0.5	0.0	0.0	0.0	0.0	[4]	42.0	0.2	1.0
399	0.09090909090909091	test	0.33333333333333337	0.1	0.6666666666666667	0.8461538461538461	0.55	[13]	0.5	0.0	0.0	0.0	0.0	[4]	42.0	0.2	1.0
400	0.09090909090909091	train	0.7179487179487181	0.1	0.935897435897436	0.9605263157894737	0.9125	[13]	0.5	0.0	0.5	0.4166666666666667	0.625	[5]	42.0	0.2	1.0
401	0.09090909090909091	test	0.3529411764705882	0.1	0.7058823529411764	0.8571428571428571	0.6	[13]	0.5	0.0	0.0	0.0	0.0	[5]	42.0	0.2	1.0
402	0.09090909090909091	train	0.4358974358974359	0.1	0.8717948717948718	0.8947368421052632	0.85	[13]	0.5	0.0	0.0	0.0	0.0	[6]	42.0	0.2	1.0
403	0.09090909090909091	test	0.37142857142857144	0.1	0.7428571428571429	0.8666666666666667	0.65	[13]	0.5	0.0	0.0	0.0	0.0	[6]	42.0	0.2	1.0
404	0.09090909090909091	train	0.42857142857142855	0.1	0.8571428571428571	0.8918918918918919	0.825	[13]	0.5	0.0	0.0	0.0	0.0	[7]	42.0	0.2	1.0
405	0.09090909090909091	test	0.3125	0.1	0.625	0.8333333333333334	0.5	[13]	0.5	0.0	0.0	0.0	0.0	[7]	42.0	0.2	1.0
406	0.09090909090909091	train	0.49230769230769234	0.1	0.8846153846153847	0.9078947368421053	0.8625	[13]	0.5	0.0	0.1	0.08333333333333333	0.125	[8]	42.0	0.2	1.0
407	0.09090909090909091	test	0.5416666666666667	0.1	0.8333333333333334	0.9375	0.75	[13]	0.5	0.0	0.25	0.16666666666666666	0.5	[8]	42.0	0.2	1.0
408	0.09090909090909091	train	0.4465408805031446	0.1	0.8930817610062892	0.8987341772151899	0.8875	[13]	0.5	0.0	0.0	0.0	0.0	[9]	42.0	0.2	1.0
409	0.09090909090909091	test	0.42708333333333326	0.1	0.6874999999999999	0.9166666666666666	0.55	[13]	0.5	0.0	0.16666666666666669	0.1	0.5	[9]	42.0	0.2	1.0
